{
  "n": 301,
  "n_bootstrap": 10000,
  "tiers": {
    "random_baseline": {
      "accuracy": {
        "point": 0.07308970099667775,
        "ci95": [
          0.046511627906976744,
          0.10299003322259136
        ]
      },
      "ece": {
        "point": 0.5153986710963455,
        "ci95": [
          0.4826112956810631,
          0.5468803986710964
        ]
      },
      "overconfidence": {
        "point": 0.36212624584717606,
        "ci95": [
          0.3089700996677741,
          0.4152823920265781
        ]
      },
      "framework_match": {
        "point": 0.3388704318936877,
        "ci95": [
          0.2857142857142857,
          0.3920265780730897
        ]
      }
    },
    "heuristic_baseline": {
      "accuracy": {
        "point": 0.3122923588039867,
        "ci95": [
          0.2591362126245847,
          0.3654485049833887
        ]
      },
      "ece": {
        "point": 0.46982392026578074,
        "ci95": [
          0.4177541528239202,
          0.5215116279069767
        ]
      },
      "overconfidence": {
        "point": 0.44518272425249167,
        "ci95": [
          0.38870431893687707,
          0.5016611295681063
        ]
      },
      "framework_match": {
        "point": 0.4717607973421927,
        "ci95": [
          0.4152823920265781,
          0.5282392026578073
        ]
      }
    },
    "competent_model": {
      "accuracy": {
        "point": 0.49169435215946844,
        "ci95": [
          0.43521594684385384,
          0.5481727574750831
        ]
      },
      "ece": {
        "point": 0.23915282392026582,
        "ci95": [
          0.1888272425249169,
          0.2935016611295681
        ]
      },
      "overconfidence": {
        "point": 0.2159468438538206,
        "ci95": [
          0.16943521594684385,
          0.26245847176079734
        ]
      },
      "framework_match": {
        "point": 0.6710963455149501,
        "ci95": [
          0.6179401993355482,
          0.7242524916943521
        ]
      }
    },
    "strong_model": {
      "accuracy": {
        "point": 0.6079734219269103,
        "ci95": [
          0.5514950166112956,
          0.6611295681063123
        ]
      },
      "ece": {
        "point": 0.178282392026578,
        "ci95": [
          0.1320564784053156,
          0.23093023255813946
        ]
      },
      "overconfidence": {
        "point": 0.2026578073089701,
        "ci95": [
          0.15946843853820597,
          0.24916943521594684
        ]
      },
      "framework_match": {
        "point": 0.8372093023255814,
        "ci95": [
          0.7940199335548173,
          0.8770764119601329
        ]
      }
    },
    "expert_model": {
      "accuracy": {
        "point": 0.770764119601329,
        "ci95": [
          0.7209302325581395,
          0.8172757475083057
        ]
      },
      "ece": {
        "point": 0.18266445182724259,
        "ci95": [
          0.1508338870431894,
          0.22533222591362126
        ]
      },
      "overconfidence": {
        "point": 0.09634551495016612,
        "ci95": [
          0.0664451827242525,
          0.12956810631229235
        ]
      },
      "framework_match": {
        "point": 0.8903654485049833,
        "ci95": [
          0.8538205980066446,
          0.9235880398671097
        ]
      }
    }
  },
  "mcnemar": [
    {
      "tier_a": "random_baseline",
      "tier_b": "heuristic_baseline",
      "n_b_only": 84,
      "n_a_only": 12,
      "delta_accuracy": 0.23920265780730895,
      "p_value": 1.8316192854098385e-14
    },
    {
      "tier_a": "heuristic_baseline",
      "tier_b": "competent_model",
      "n_b_only": 85,
      "n_a_only": 31,
      "delta_accuracy": 0.17940199335548174,
      "p_value": 5.444609183150125e-07
    },
    {
      "tier_a": "competent_model",
      "tier_b": "strong_model",
      "n_b_only": 77,
      "n_a_only": 42,
      "delta_accuracy": 0.11627906976744184,
      "p_value": 0.0017105290774106674
    },
    {
      "tier_a": "strong_model",
      "tier_b": "expert_model",
      "n_b_only": 78,
      "n_a_only": 29,
      "delta_accuracy": 0.16279069767441867,
      "p_value": 2.3518927469991957e-06
    },
    {
      "tier_a": "random_baseline",
      "tier_b": "expert_model",
      "n_b_only": 213,
      "n_a_only": 3,
      "delta_accuracy": 0.6976744186046512,
      "p_value": 3.1901252425248145e-59
    }
  ]
}