{
  "llama-3_3-70b": {
    "display": "Llama-3.3-70B",
    "result_file": "evaluation/baselines/llama-3_3-70b_20260707_121236_resumed.json",
    "n_evaluated": 169,
    "n_test": 301,
    "salvaged": false,
    "subset_difficulty": {
      "1": 39,
      "2": 40,
      "3": 46,
      "4": 32,
      "5": 12
    },
    "metrics": {
      "accuracy": {
        "point": 0.8165680473372781,
        "ci95": [
          0.757396449704142,
          0.8757396449704142
        ]
      },
      "ece": {
        "point": 0.10026627218934908,
        "ci95": [
          0.05174556213017754,
          0.1625443786982249
        ]
      },
      "overconfidence": {
        "point": 0.17159763313609466,
        "ci95": [
          0.11834319526627218,
          0.23076923076923078
        ]
      },
      "framework_match": {
        "point": 0.9289940828402367,
        "ci95": [
          0.8875739644970414,
          0.9644970414201184
        ],
        "n": 169
      }
    },
    "per_difficulty_acc": {
      "1": 0.8974358974358975,
      "2": 0.85,
      "3": 0.782608695652174,
      "4": 0.78125,
      "5": 0.6666666666666666
    },
    "per_category_acc": {
      "adversarial_ambiguity": 0.7727272727272727,
      "bayesian_updating": 0.9821428571428571,
      "conditional_probability_chains": 0.9230769230769231,
      "decision_under_uncertainty": 0.2413793103448276,
      "distribution_estimation": 0.9722222222222222
    }
  },
  "llama-3_1-8b": {
    "display": "Llama-3.1-8B",
    "result_file": "evaluation/baselines/llama-3_1-8b_20260503_233403.json",
    "n_evaluated": 276,
    "n_test": 301,
    "salvaged": false,
    "subset_difficulty": {
      "1": 46,
      "2": 67,
      "3": 82,
      "4": 54,
      "5": 27
    },
    "metrics": {
      "accuracy": {
        "point": 0.4311594202898551,
        "ci95": [
          0.37318840579710144,
          0.4891304347826087
        ]
      },
      "ece": {
        "point": 0.47689746376811587,
        "ci95": [
          0.4231282608695653,
          0.5420460144927536
        ]
      },
      "overconfidence": {
        "point": 0.5144927536231884,
        "ci95": [
          0.4528985507246377,
          0.572463768115942
        ]
      },
      "framework_match": {
        "point": 0.7591240875912408,
        "ci95": [
          0.708029197080292,
          0.8102189781021898
        ],
        "n": 274
      }
    },
    "per_difficulty_acc": {
      "1": 0.391304347826087,
      "2": 0.5223880597014925,
      "3": 0.43902439024390244,
      "4": 0.4074074074074074,
      "5": 0.2962962962962963
    },
    "per_category_acc": {
      "adversarial_ambiguity": 0.36363636363636365,
      "bayesian_updating": 0.2375,
      "conditional_probability_chains": 0.2631578947368421,
      "decision_under_uncertainty": 0.3,
      "distribution_estimation": 0.921875
    }
  },
  "gpt-oss-120b": {
    "display": "GPT-OSS-120B",
    "result_file": "evaluation/baselines/gpt-oss-120b_20260707_120743_resumed.json",
    "n_evaluated": 294,
    "n_test": 301,
    "salvaged": false,
    "subset_difficulty": {
      "1": 52,
      "2": 73,
      "3": 86,
      "4": 57,
      "5": 26
    },
    "metrics": {
      "accuracy": {
        "point": 0.9421768707482994,
        "ci95": [
          0.9149659863945578,
          0.9659863945578231
        ]
      },
      "ece": {
        "point": 0.03710884353741508,
        "ci95": [
          0.01840136054421772,
          0.0640816326530613
        ]
      },
      "overconfidence": {
        "point": 0.05102040816326531,
        "ci95": [
          0.027210884353741496,
          0.0782312925170068
        ]
      },
      "framework_match": {
        "point": 0.8232558139534883,
        "ci95": [
          0.772093023255814,
          0.8744186046511628
        ],
        "n": 215
      }
    },
    "per_difficulty_acc": {
      "1": 0.9615384615384616,
      "2": 0.9863013698630136,
      "3": 0.9069767441860465,
      "4": 0.9824561403508771,
      "5": 0.8076923076923077
    },
    "per_category_acc": {
      "adversarial_ambiguity": 0.9565217391304348,
      "bayesian_updating": 0.9891304347826086,
      "conditional_probability_chains": 1.0,
      "decision_under_uncertainty": 0.7083333333333334,
      "distribution_estimation": 1.0
    }
  },
  "qwen3-32b": {
    "display": "Qwen3-32B",
    "result_file": "evaluation/baselines/qwen3-32b_20260706_212840_union.json",
    "n_evaluated": 91,
    "n_test": 301,
    "salvaged": false,
    "subset_difficulty": {
      "1": 19,
      "2": 31,
      "3": 24,
      "4": 10,
      "5": 7
    },
    "metrics": {
      "accuracy": {
        "point": 0.7362637362637363,
        "ci95": [
          0.6483516483516484,
          0.8241758241758241
        ]
      },
      "ece": {
        "point": 0.15857142857142853,
        "ci95": [
          0.10417582417582413,
          0.26582417582417583
        ]
      },
      "overconfidence": {
        "point": 0.2087912087912088,
        "ci95": [
          0.13186813186813187,
          0.2967032967032967
        ]
      },
      "framework_match": {
        "point": 0.8,
        "ci95": [
          0.7,
          0.9
        ],
        "n": 60
      }
    },
    "per_difficulty_acc": {
      "1": 0.7368421052631579,
      "2": 0.8709677419354839,
      "3": 0.5833333333333334,
      "4": 0.7,
      "5": 0.7142857142857143
    },
    "per_category_acc": {
      "adversarial_ambiguity": 0.6521739130434783,
      "bayesian_updating": 0.9583333333333334,
      "conditional_probability_chains": 1.0,
      "decision_under_uncertainty": 0.0625,
      "distribution_estimation": 1.0
    }
  },
  "llama-4-scout": {
    "display": "Llama-4-Scout-17B",
    "result_file": "evaluation/baselines/llama-4-scout_20260504_012550.json",
    "n_evaluated": 300,
    "n_test": 301,
    "salvaged": false,
    "subset_difficulty": {
      "1": 52,
      "2": 74,
      "3": 89,
      "4": 58,
      "5": 27
    },
    "metrics": {
      "accuracy": {
        "point": 0.84,
        "ci95": [
          0.7966666666666666,
          0.88
        ]
      },
      "ece": {
        "point": 0.09236999999999995,
        "ci95": [
          0.05799333333333333,
          0.13563333333333327
        ]
      },
      "overconfidence": {
        "point": 0.14,
        "ci95": [
          0.10333333333333333,
          0.18
        ]
      },
      "framework_match": {
        "point": 0.8233333333333334,
        "ci95": [
          0.78,
          0.8633333333333333
        ],
        "n": 300
      }
    },
    "per_difficulty_acc": {
      "1": 0.9230769230769231,
      "2": 0.9324324324324325,
      "3": 0.797752808988764,
      "4": 0.8103448275862069,
      "5": 0.6296296296296297
    },
    "per_category_acc": {
      "adversarial_ambiguity": 0.6739130434782609,
      "bayesian_updating": 0.9021739130434783,
      "conditional_probability_chains": 0.9302325581395349,
      "decision_under_uncertainty": 0.6415094339622641,
      "distribution_estimation": 0.9696969696969697
    }
  }
}