{
  "llama-3_3-70b": {
    "display": "Llama-3.3-70B",
    "result_file": "evaluation/baselines/llama-3_3-70b_20260713_103456_resumed.json",
    "n_evaluated": 301,
    "n_test": 301,
    "salvaged": false,
    "subset_difficulty": {
      "1": 52,
      "2": 74,
      "3": 89,
      "4": 58,
      "5": 28
    },
    "metrics": {
      "accuracy": {
        "point": 0.770764119601329,
        "ci95": [
          0.7242524916943521,
          0.8172757475083057
        ]
      },
      "ece": {
        "point": 0.1444352159468438,
        "ci95": [
          0.10144518272425246,
          0.19395348837209303
        ]
      },
      "overconfidence": {
        "point": 0.21926910299003322,
        "ci95": [
          0.17275747508305647,
          0.26578073089701
        ]
      },
      "framework_match": {
        "point": 0.9269102990033222,
        "ci95": [
          0.8970099667774086,
          0.9534883720930233
        ],
        "n": 301
      }
    },
    "per_difficulty_acc": {
      "1": 0.8653846153846154,
      "2": 0.8108108108108109,
      "3": 0.7528089887640449,
      "4": 0.7758620689655172,
      "5": 0.5357142857142857
    },
    "per_category_acc": {
      "adversarial_ambiguity": 0.7021276595744681,
      "bayesian_updating": 0.9130434782608695,
      "conditional_probability_chains": 0.9534883720930233,
      "decision_under_uncertainty": 0.22641509433962265,
      "distribution_estimation": 0.9393939393939394
    }
  },
  "llama-3_1-8b": {
    "display": "Llama-3.1-8B",
    "result_file": "evaluation/baselines/llama-3_1-8b_20260503_233403.json",
    "n_evaluated": 276,
    "n_test": 301,
    "salvaged": false,
    "subset_difficulty": {
      "1": 46,
      "2": 67,
      "3": 82,
      "4": 54,
      "5": 27
    },
    "metrics": {
      "accuracy": {
        "point": 0.4311594202898551,
        "ci95": [
          0.37318840579710144,
          0.4891304347826087
        ]
      },
      "ece": {
        "point": 0.47689746376811587,
        "ci95": [
          0.4231282608695653,
          0.5420460144927536
        ]
      },
      "overconfidence": {
        "point": 0.5144927536231884,
        "ci95": [
          0.4528985507246377,
          0.572463768115942
        ]
      },
      "framework_match": {
        "point": 0.7591240875912408,
        "ci95": [
          0.708029197080292,
          0.8102189781021898
        ],
        "n": 274
      }
    },
    "per_difficulty_acc": {
      "1": 0.391304347826087,
      "2": 0.5223880597014925,
      "3": 0.43902439024390244,
      "4": 0.4074074074074074,
      "5": 0.2962962962962963
    },
    "per_category_acc": {
      "adversarial_ambiguity": 0.36363636363636365,
      "bayesian_updating": 0.2375,
      "conditional_probability_chains": 0.2631578947368421,
      "decision_under_uncertainty": 0.3,
      "distribution_estimation": 0.921875
    }
  },
  "gpt-oss-120b": {
    "display": "GPT-OSS-120B",
    "result_file": "evaluation/baselines/gpt-oss-120b_20260713_103455_resumed.json",
    "n_evaluated": 299,
    "n_test": 301,
    "salvaged": false,
    "subset_difficulty": {
      "1": 52,
      "2": 74,
      "3": 87,
      "4": 58,
      "5": 28
    },
    "metrics": {
      "accuracy": {
        "point": 0.9331103678929766,
        "ci95": [
          0.903010033444816,
          0.959866220735786
        ]
      },
      "ece": {
        "point": 0.03204013377926422,
        "ci95": [
          0.014381270903010071,
          0.06020066889632108
        ]
      },
      "overconfidence": {
        "point": 0.056856187290969896,
        "ci95": [
          0.033444816053511704,
          0.08361204013377926
        ]
      },
      "framework_match": {
        "point": 0.8227272727272728,
        "ci95": [
          0.7727272727272727,
          0.8727272727272727
        ],
        "n": 220
      }
    },
    "per_difficulty_acc": {
      "1": 0.9615384615384616,
      "2": 0.9864864864864865,
      "3": 0.9080459770114943,
      "4": 0.9655172413793104,
      "5": 0.75
    },
    "per_category_acc": {
      "adversarial_ambiguity": 0.9574468085106383,
      "bayesian_updating": 0.9891304347826086,
      "conditional_probability_chains": 1.0,
      "decision_under_uncertainty": 0.6666666666666666,
      "distribution_estimation": 1.0
    }
  },
  "qwen3-32b": {
    "display": "Qwen3-32B",
    "result_file": "evaluation/baselines/qwen3-32b_20260712_061151_resumed.json",
    "n_evaluated": 116,
    "n_test": 301,
    "salvaged": false,
    "subset_difficulty": {
      "1": 25,
      "2": 39,
      "3": 29,
      "4": 14,
      "5": 9
    },
    "metrics": {
      "accuracy": {
        "point": 0.7586206896551724,
        "ci95": [
          0.6810344827586207,
          0.8362068965517241
        ]
      },
      "ece": {
        "point": 0.164051724137931,
        "ci95": [
          0.10818965517241372,
          0.2485344827586208
        ]
      },
      "overconfidence": {
        "point": 0.1896551724137931,
        "ci95": [
          0.1206896551724138,
          0.2672413793103448
        ]
      },
      "framework_match": {
        "point": 0.7976190476190477,
        "ci95": [
          0.7142857142857143,
          0.8809523809523809
        ],
        "n": 84
      }
    },
    "per_difficulty_acc": {
      "1": 0.8,
      "2": 0.8461538461538461,
      "3": 0.6551724137931034,
      "4": 0.7142857142857143,
      "5": 0.6666666666666666
    },
    "per_category_acc": {
      "adversarial_ambiguity": 0.6666666666666666,
      "bayesian_updating": 0.9705882352941176,
      "conditional_probability_chains": 1.0,
      "decision_under_uncertainty": 0.1,
      "distribution_estimation": 1.0
    }
  },
  "llama-4-scout": {
    "display": "Llama-4-Scout-17B",
    "result_file": "evaluation/baselines/llama-4-scout_20260504_012550.json",
    "n_evaluated": 300,
    "n_test": 301,
    "salvaged": false,
    "subset_difficulty": {
      "1": 52,
      "2": 74,
      "3": 89,
      "4": 58,
      "5": 27
    },
    "metrics": {
      "accuracy": {
        "point": 0.84,
        "ci95": [
          0.7966666666666666,
          0.88
        ]
      },
      "ece": {
        "point": 0.09236999999999995,
        "ci95": [
          0.05799333333333333,
          0.13563333333333327
        ]
      },
      "overconfidence": {
        "point": 0.14,
        "ci95": [
          0.10333333333333333,
          0.18
        ]
      },
      "framework_match": {
        "point": 0.8233333333333334,
        "ci95": [
          0.78,
          0.8633333333333333
        ],
        "n": 300
      }
    },
    "per_difficulty_acc": {
      "1": 0.9230769230769231,
      "2": 0.9324324324324325,
      "3": 0.797752808988764,
      "4": 0.8103448275862069,
      "5": 0.6296296296296297
    },
    "per_category_acc": {
      "adversarial_ambiguity": 0.6739130434782609,
      "bayesian_updating": 0.9021739130434783,
      "conditional_probability_chains": 0.9302325581395349,
      "decision_under_uncertainty": 0.6415094339622641,
      "distribution_estimation": 0.9696969696969697
    }
  }
}