{
  "llama-3_3-70b": {
    "display": "Llama-3.3-70B",
    "result_file": "evaluation/baselines/llama-3_3-70b_20260706_212840_union.json",
    "n_evaluated": 123,
    "n_test": 301,
    "salvaged": false,
    "subset_difficulty": {
      "1": 34,
      "2": 28,
      "3": 37,
      "4": 19,
      "5": 5
    },
    "metrics": {
      "accuracy": {
        "point": 0.8536585365853658,
        "ci95": [
          0.7886178861788617,
          0.9105691056910569
        ]
      },
      "ece": {
        "point": 0.06024390243902439,
        "ci95": [
          0.02276422764227634,
          0.12894308943089433
        ]
      },
      "overconfidence": {
        "point": 0.13821138211382114,
        "ci95": [
          0.08130081300813008,
          0.2032520325203252
        ]
      },
      "framework_match": {
        "point": 0.9186991869918699,
        "ci95": [
          0.8699186991869918,
          0.959349593495935
        ],
        "n": 123
      }
    },
    "per_difficulty_acc": {
      "1": 0.8823529411764706,
      "2": 0.8928571428571429,
      "3": 0.7567567567567568,
      "4": 0.9473684210526315,
      "5": 0.8
    },
    "per_category_acc": {
      "adversarial_ambiguity": 0.8235294117647058,
      "bayesian_updating": 1.0,
      "conditional_probability_chains": 0.95,
      "decision_under_uncertainty": 0.1875,
      "distribution_estimation": 0.9615384615384616
    }
  },
  "llama-3_1-8b": {
    "display": "Llama-3.1-8B",
    "result_file": "evaluation/baselines/llama-3_1-8b_20260503_233403.json",
    "n_evaluated": 276,
    "n_test": 301,
    "salvaged": false,
    "subset_difficulty": {
      "1": 46,
      "2": 67,
      "3": 82,
      "4": 54,
      "5": 27
    },
    "metrics": {
      "accuracy": {
        "point": 0.4311594202898551,
        "ci95": [
          0.37318840579710144,
          0.4891304347826087
        ]
      },
      "ece": {
        "point": 0.47689746376811587,
        "ci95": [
          0.4231282608695653,
          0.5420460144927536
        ]
      },
      "overconfidence": {
        "point": 0.5144927536231884,
        "ci95": [
          0.4528985507246377,
          0.572463768115942
        ]
      },
      "framework_match": {
        "point": 0.7591240875912408,
        "ci95": [
          0.708029197080292,
          0.8102189781021898
        ],
        "n": 274
      }
    },
    "per_difficulty_acc": {
      "1": 0.391304347826087,
      "2": 0.5223880597014925,
      "3": 0.43902439024390244,
      "4": 0.4074074074074074,
      "5": 0.2962962962962963
    },
    "per_category_acc": {
      "adversarial_ambiguity": 0.36363636363636365,
      "bayesian_updating": 0.2375,
      "conditional_probability_chains": 0.2631578947368421,
      "decision_under_uncertainty": 0.3,
      "distribution_estimation": 0.921875
    }
  },
  "gpt-oss-120b": {
    "display": "GPT-OSS-120B",
    "result_file": "evaluation/baselines/gpt-oss-120b_20260706_212840_union.json",
    "n_evaluated": 220,
    "n_test": 301,
    "salvaged": false,
    "subset_difficulty": {
      "1": 47,
      "2": 54,
      "3": 61,
      "4": 42,
      "5": 16
    },
    "metrics": {
      "accuracy": {
        "point": 0.95,
        "ci95": [
          0.9181818181818182,
          0.9772727272727273
        ]
      },
      "ece": {
        "point": 0.04540909090909095,
        "ci95": [
          0.020727272727272764,
          0.07359090909090912
        ]
      },
      "overconfidence": {
        "point": 0.045454545454545456,
        "ci95": [
          0.01818181818181818,
          0.07272727272727272
        ]
      },
      "framework_match": {
        "point": 0.8085106382978723,
        "ci95": [
          0.7446808510638298,
          0.8723404255319149
        ],
        "n": 141
      }
    },
    "per_difficulty_acc": {
      "1": 0.9574468085106383,
      "2": 0.9814814814814815,
      "3": 0.9180327868852459,
      "4": 1.0,
      "5": 0.8125
    },
    "per_category_acc": {
      "adversarial_ambiguity": 0.9428571428571428,
      "bayesian_updating": 0.9859154929577465,
      "conditional_probability_chains": 1.0,
      "decision_under_uncertainty": 0.7647058823529411,
      "distribution_estimation": 1.0
    }
  },
  "qwen3-32b": {
    "display": "Qwen3-32B",
    "result_file": "evaluation/baselines/qwen3-32b_20260706_212840_union.json",
    "n_evaluated": 91,
    "n_test": 301,
    "salvaged": false,
    "subset_difficulty": {
      "1": 19,
      "2": 31,
      "3": 24,
      "4": 10,
      "5": 7
    },
    "metrics": {
      "accuracy": {
        "point": 0.7362637362637363,
        "ci95": [
          0.6483516483516484,
          0.8241758241758241
        ]
      },
      "ece": {
        "point": 0.15857142857142853,
        "ci95": [
          0.10417582417582413,
          0.26582417582417583
        ]
      },
      "overconfidence": {
        "point": 0.2087912087912088,
        "ci95": [
          0.13186813186813187,
          0.2967032967032967
        ]
      },
      "framework_match": {
        "point": 0.8,
        "ci95": [
          0.7,
          0.9
        ],
        "n": 60
      }
    },
    "per_difficulty_acc": {
      "1": 0.7368421052631579,
      "2": 0.8709677419354839,
      "3": 0.5833333333333334,
      "4": 0.7,
      "5": 0.7142857142857143
    },
    "per_category_acc": {
      "adversarial_ambiguity": 0.6521739130434783,
      "bayesian_updating": 0.9583333333333334,
      "conditional_probability_chains": 1.0,
      "decision_under_uncertainty": 0.0625,
      "distribution_estimation": 1.0
    }
  },
  "llama-4-scout": {
    "display": "Llama-4-Scout-17B",
    "result_file": "evaluation/baselines/llama-4-scout_20260504_012550.json",
    "n_evaluated": 300,
    "n_test": 301,
    "salvaged": false,
    "subset_difficulty": {
      "1": 52,
      "2": 74,
      "3": 89,
      "4": 58,
      "5": 27
    },
    "metrics": {
      "accuracy": {
        "point": 0.84,
        "ci95": [
          0.7966666666666666,
          0.88
        ]
      },
      "ece": {
        "point": 0.09236999999999995,
        "ci95": [
          0.05799333333333333,
          0.13563333333333327
        ]
      },
      "overconfidence": {
        "point": 0.14,
        "ci95": [
          0.10333333333333333,
          0.18
        ]
      },
      "framework_match": {
        "point": 0.8233333333333334,
        "ci95": [
          0.78,
          0.8633333333333333
        ],
        "n": 300
      }
    },
    "per_difficulty_acc": {
      "1": 0.9230769230769231,
      "2": 0.9324324324324325,
      "3": 0.797752808988764,
      "4": 0.8103448275862069,
      "5": 0.6296296296296297
    },
    "per_category_acc": {
      "adversarial_ambiguity": 0.6739130434782609,
      "bayesian_updating": 0.9021739130434783,
      "conditional_probability_chains": 0.9302325581395349,
      "decision_under_uncertainty": 0.6415094339622641,
      "distribution_estimation": 0.9696969696969697
    }
  }
}